,id,nombre,carrera,sede,promedio,fecha_inscripcion
2,103,Ignacio,Ing. Civil Industrial,Concepción,5.16,2025-06-24
3,104,Fernanda,Ing. Civil Industrial,Concepción,5.99,2025-05-16
4,105,Javiera,Ing. Informática,Los Ángeles,5.28,2025-06-13
6,107,Camila,Ing. Informática,Concepción,4.09,2025-06-11
7,108,Gonzalo,Ing. Comercial,Talcahuano,5.140555555555555,2025-05-09
8,109,Daniela,Ing. Civil Industrial,Los Ángeles,4.49,2025-05-11
13,114,Pablo,Ing. Informática,Chillán,4.52,2025-06-05
15,116,Sebastián,Ing. Informática,Talcahuano,5.41,2025-06-14
18,119,Constanza,Ing. Informática,Chillán,5.4,2025-05-18
